,,, r kelly is charged with using bribes to marry aaliyah at age 15,music
,,, the mars volta  tetragrammaton progressive rock,music
,,, i’m brittany howard singer songwriter guitarist of the band alabama shakes and solo recording artist ama,music
,,, robyn  dancing on my own takes 1 spot in rolling stones list of the 100 best songs of the 2010s,music
,,, van halen  ain’t talkin’ ‘bout love hard rock,music
,,, r kelly has been charged with bribing an official for the fake id that allowed 15yearold aaliyah to marry him,music
,,, just announced  soundcloud is rescinding their upcoming upload change,music
,,, with a lot of help from reddit my playlist has grown to over 1000 followers planning to look through a ton of reddit submissions and update the playlist by tomorrow an chill yet energetic blend of rnbrap perfect for studying working or just relaxing,music
,,, falco  rock me amadeus pop,music
,,, eddie murphy  party all the time dance 1985,music
,,, genesis  land of confusion pop rock hq,music
,,, where is my mind  pixies  alternative rock ,music
,,, garbage  stupid girl alternative rock,music
,,, the rolling stones album let it bleed turns 50 today,music
,,, gogol bordello  the other side of rainbow gypsy punk,music
,,, vulfpeck  dean town live bluesfunkacoustic,music
,,, mr bungle  stubb a dub alternative carnivalfunkmetal,music
,,, pablo eskybrah  reverb ft friendlyjordies hiphop,music
,,, we are black pumas we were just nominated for a best new artist grammy ask us anything,music
,,, minor threat  filler punk rock 1984,music
,,, the cars  drive new wave,music
,,, lemmy slash  dave grohl  ace of spades metal,music
,,, creedence clearwater revival  wholl stop the rain classic rock,music
,,, fleetwood mac  silver springs rock,music
,,, allister  to be with you alternative rock,music
,,, fiona apple  sleep to dream alternative rock,music
,,, carpenter brut  maniac cover synthwaveelectronicrock,music
,,, james brown — santa claus head straight to the ghetto holiday,music
,,, system of a down vs coldplay  fixicity mashup strangely beautiful,music
,,, chip skylark  my shiny teeth and me pop,music
,,, flight of the conchords  the most beautiful girl in the room comedy,music
,,, black sheep  the choice is yours hip hop,music
,,, def leppard  photograph rock,music
,,, poison  every rose has its thorn hair metal,music
,,, stuck in the sound  lets go indie rock,music
,,, the rolling stones  jumpin jack flash rock,music
,,, throes of rejection  pantera groove metal,music
,,, against me  from her lips to god’s ears punk,music
,,, 3teeth  pumped up kicks foster the people cover industrialindustrial metal,music
,,, buddy rich  caravan jazz,music
,,, the worst thing about kanyes new album is that my 60 year old white christian parents wont stop listening to it,music
,,, weedeater  homecoming stonersludge metal,music
,,, is there anything better than fleetwood mac though,music
,,, tenebrae choir  miserere mei deus by gregorio allegri classicalvocal classic,music
,,, the antlers  crest tricky remix dream pop,music
,,, c2c  delta electrictrip hop,music
,,, godspeed you black emperor  sleep post rock 2000,music
,,, bob marley master tapes unearthed in london hotel could be released negotiations ongoing,music
,,, alanis morissette  hand in my pocket alt rock,music
,,, khruangbin  leon bridges  texas sun neo soul,music
,,, the great old ones  the shadow over innsmouth postblack metal,music
,,, steely dan  glamour profession jazz rock,music
,,, dolly parton  hard candy christmas country,music
,,, baz luhrmann  everybodys free to wear sunscreen inspirational,music
,,, ace frehley  back in the new york groove rock,music
,,, jackson c frank  blues run the game folk 1965,music
,,, walter murphy  a fifth of beethoven classical disco,music
,,, for all you 2000s kids like me check this playlist out,music
,,, dance gavin dance  blood wolf posthardcore,music
,,, royal blood  how did we get so dark alternative rock,music
,,, lordi  hard rock hallelujah rockmetal,music
,,, those of you with spotify share your top songs of 2019 playlists here,music
,,, the hu  the same folk metal,music
,,, tim minchin  white wine in the sun holiday,music
,,, eob  brasil rock,music
,,, artist  santigold song  go alt indie,music
,,, john r butler  hand of the almighty folk no not that john butler explicit,music
,,, huey lewis  the news  while were young pop,music
,,, fairport convention  a sailors life folk rock,music
,,, tatsuro yamashita  ride on time city pop,music
,,, naughty boy and mike posner  live before i die pop,music
,,, glen campbell  by the time i get to phoenix pop 1967,music
,,, keane  a bad dream altrock,music
,,, mannheim steamroller ft elyse davis  greensleeves christmas,music
,,, sigur rós  svefngenglar postrock,music
,,, alter bridge  walking on the sky hard rock,music
,,, spotify which artist  music category did you listen to the most this year,music
,,, blake rules and netherfriends  shower time kids trap,music
,,, kelly tien  waiting for you in the rain funksoul 1971,music
,,, limozeen  because its midnite glam metal,music
,,, justice  helix electronic imo avd is super underrated when compared to cross justice put out some great ones in that album,music
,,, lesley gore  you dont own me 1964 pop,music
,,, oat milk  bubble tea for breakfast jazzy pop,music
,,, if i can get the most awards on this post i will only listen to one song for hours each day on spotify and post the end of year wrapup in december of 2020,music
,,, aha  take on me symphonic version symphonic pop,music
,,, aaliyah  one in a million rb,music
,,, sona jobarteh  gambia african folk,music
,,, flaming lips  winter wonderland psychedelic rock my favorite christmas album,music
,,, 10cc  the worst band in the world artrock,music
,,, psyqui ft mikanzil  pallet jpoprock,music
,,, eob  brasil indie rock debut track by radiohead guitarist ed obrien,music
,,, im sure youve come across this question but never really got an answer,music
,,, we won soundcloud is not changing the upload limit,music
,,, khruangbin and leon bridges  texas sun retrosoul psychedelic country,music
,,, judas priest  beyond the realms of death classic metal,music
,,, 4 non blondes  drifting alternative rock,music
,,, playlist spotify has released your 2019 playlists it breaks down what youve been into this year and has all your top songs in one spot i say we trade them with your top genre’s and listen to each others favorite songs my list is pop rapposthardcore emoedm trade2019playlist,music
,,, rookes  new lovers indie pop official music video — youtube premiere,music
,,, the voidz  pink ocean experimental rock,music
,,, albums worth a complete listen,music
,,, everyone should watch the report take it from a guantanamo bay lawyer,movies
,,, bombshell used photos from footfetish sites to recreate the fox news offices,movies
,,, whats the dumbest popular plot hole claim in a movie that makes you facepalm everytime you hear it,movies
,,, ‘parasite’ leads asian charge in international oscar race ahead of ne zha weathering with you and buoyancy,movies
,,, first image of winston duke and zazie beetz in “nine days” a reclusive man interviews human souls for the privilege to be born,movies
,,, short term 12 the acclaimed 2013 indie film about a group home was both heartwarming and heartbreaking and it stands out years later for being the launchpad for a host of future stars from brie larson to lakeith stanfield to kaitlyn dever to rami malek,movies
,,, stephen graham joins venom 2,movies
,,, aubrey plaza returning as indie spirit awards host,movies
,,, first poster for uk release of the man who killed don quixote in january 2020,movies
,,, new birds of prey character posters,movies
,,, how to hit a grand slam florence pugh on her banner roll ‘fighting with my family’ ‘midsommar’ ‘little women’  ‘black widow’,movies
,,, the assistant trailer 1 2020,movies
,,, leonard goldberg former 20th century fox president and producer behind such landmark projects as charlie’s angels die hard wall street broadcast news brian’s song and the simpsons dies at 85,movies
,,, adam driver on the incredibly high stakes of shooting every scene in marriage story  close up,movies
,,, every year my buddy edits together every trailer from that year’s movies into one trailer this is 2019,movies
,,, the safdie brothers detail the 10year journey to make the adam sandler drama ‘uncut gems’,movies
,,, john deloreans widow loses fight for back to the future royalties,movies
,,, tim robbins encourages everyone to pirate his 1999 film cradle will rock,movies
,,, the war of the roses at 30 still one of the nastiest comedies of all time,movies
,,, ‘mulan’ official trailer 2,movies
,,, werner herzog on chickens,movies
,,, greed official trailer 2020 isla fisher steve coogan comedy movie hd,movies
,,, you guys should check out the movies that made us,movies
,,, which film has the worst pacing youve ever seen,movies
,,, coppola was one of the new wave that swept through hollywood in the 70s the easy riders and raging bulls who overturned the old studio system he was besties with george lucas a film maker who will go on to romanticize war in his own way,movies
,,, terrence malicks a hidden life gets rare vatican screening,movies
,,, how sam mendes and roger deakins pulled off the oneshot war epic ‘1917’,movies
,,, first poster for drama the assistant  weinstein scandalinspired look at the day in the life of the assistant to a powerful corporate executive,movies
,,, academy favoring consolidation of sound editing and sound mixing oscars,movies
,,, hair love short film full  sony pictures animation,movies
,,, what are some good survival in isolation movies,movies
,,, official discussion the report spoilers,movies
,,, get out sicario widows queen  slim daniel kaluuya is the most interesting under35 actor in hollywood,movies
,,, paul thomas anderson on his writing process and advice on writing,movies
,,, before foreign language dubbing had been perfected in films comedy duo ‘laurel  hardy’ reshot their films in spanish italian german and french speaking all of their lines phonetically,movies
,,, jennifer kent’s ‘the nightingale’ wins big at australias aacta awards,movies
,,, something i noticed on my second watch of once upon a time in hollywood,movies
,,, the irishman is getting a lot of attention but it is scorseses silence that is his most recent masterpiece,movies
,,, make me watch your favorite movie,movies
,,, official discussion waves spoilers,movies
,,, i love colin farrel but i wish he chose better rolesmovies,movies
,,, ‘the irishman’ perfectly depicts the banality of evil,movies
,,, female filmmakers and actors discuss creating intimacy on a safe set,movies
,,, werner herzog the extreme is his normal,movies
,,, they shall not grow old  behind the scenes  how peter jackson decided to select environment colors,movies
,,, official discussion megathread marriage story playmobile the movie the report waves,movies
,,, official discussion  playmobil the movie spoilers,movies
,,, ‘waves’ director dedicated to keeping theatrical experience alive,movies
,,, gremlins at 35 the timely return of joe dantes controversial creatures,movies
,,, from ford vs ferrari to super size me 2 the 10 best business movies of 2019,movies
,,, what’s the best movie you’ve seen this year,movies
,,, anyone ever see clint eastwoods the 1517 to paris how did such a legend make a movie so awful,movies
,,, the great escape why alternatereality movies are making a comeback,movies
,,, has anyone calculated the amount of halloween and christmas in a nightmare before christmas,movies
,,, the playlist  the 100 best films of the decade 2010s,movies
,,, what christmas movies do i need to see this month excluding the classics,movies
,,, henry cavill is under appreciated,movies
,,, the term plot twist is completely overused and usually incorrect,movies
,,, midway  where’s the sun and why does everything look so old,movies
,,, roberto gavaldón mexico’s auteur of noir,movies
,,, what happens when a best international film nominee is also a best picture contender,movies
,,, the day after a run of the mill review,movies
,,, what are some of your favorite foreign films,movies
,,, klaus  jesper pitches christmas  netflix,movies
,,, dumb and dumber were really doing it ,movies
,,, opinion on the head hunter,movies
,,, the rock and kevin hart play name the review on rotten tomatoes,movies
,,, jumanji next level poster artwork by sneakyarts,movies
,,, canadas oscar contender antigone offers modern take on classic greek tragedy,movies
,,, looking for recommendations  tormented or traumatized menwomen falling in lovesoftening up,movies
,,, bacurau is one of the greatest films i have ever seen,movies
,,, was putting off watching vice because i hadnt heard anything positive about it i loved it,movies
,,, the assistant trailer 2020 julia garner,movies
,,, we always see threads about plot holes that arent actually plot holes but what are some plot holes that are actually plot holes,movies
,,, under the silver lake in black and white  worth a rerelease,movies
,,, grand isle 2019 starring nicolas cage  exclusive clip  basement,movies
,,, i just found about the soundtracking with edith bowman podcast and my god its amazing,movies
,,, halle berry mma feature ‘bruised’ shamier anderson  adan canto join cast,movies
,,, a question about goodfellas,movies
,,, why do we perceive disfigurements as evil,movies
,,, bar unity movies,movies
,,, what films off the longlist tell us about the international film oscar,movies
,,, present tense kristen stewart,movies
,,, troop zero  official trailer  prime video,movies
,,, the incredibly loaded actor categories this year awards season,movies
,,, robin maugham novel ‘the wrong people’ once optioned by sal mineo adapted for screen 50 years on,movies
,,, movies with an asexual male protagonist that avoids romance,movies
,,, the heart of star wars  luke skywalker,movies
,,, realistic depictions of first love in movies,movies
,,, movie spittake mashup,movies
,,, brad pitt interview  ad astra fight club fincher once upon a time butch cassidy,movies
,,, what are some unique sounding film or tv scores i’m doing a search for my job as a music editor,movies
,,, 1917 review double toasted,movies
,,, need help with name of horror film,movies
,,, our artist meek mill’s film “charm city kings” just got accepted into sundance meek plays the leader of a baltimore streetbike gang in an adaptation of documentary “12 o’clock boys” congrats meek and team,movies
,,, why some european blockbusters won’t hit us screens,movies
,,, oscars 3 international features spotlight young womens tales of terrors,movies
,,, marmita films boards portuguese feature ‘my grandfather’s demons’,movies
,,, the hobbit production diary 1,movies
,,, bully official trailer,movies
,,, impeachment to go ahead,worldnews
,,, arab princes representative who illegally funneled 1 million to trump inauguration also illegally funneled 35 million to clinton campaign and boasted about his access to both candidates according to new indictment,worldnews
,,, even 50yearold climate models correctly predicted global warming,worldnews
,,, a man arrested in russia is accused of building a fake border with finland 15 miles from the real one and charging migrants 11000 to cross it,worldnews
,,, trump news – live world laughing at ‘dangerously incompetent and incapable’ president says biden as congress hears ukraine actions have met impeachable standard,worldnews
,,, a massive backwards step culturally australia will no longer have a federal department dedicated to the arts  pm scott morrison has announced the arts department will be rolled into a department that will also oversee roads and rail,worldnews
,,, boris johnson refuses to rule out nodeal brexit and abruptly ends press conference,worldnews
,,, trump claims he received deep respect at nato summit despite video showing world leaders laughing at him,worldnews
,,, boris johnson likens leaked documents showing us in talks about nhs to photos of ufos prime minister says election campaign not the time to talk about his past comments about muslim women gay men single mothers and the workingclass,worldnews
,,, major uk banks are threatening humanity by collectively propping up the global coal industry with almost £25bn in “life support” new data has revealed,worldnews
,,, white house blocks senate resolution on armenian genocide for third time,worldnews
,,, pakistan halts investigation into sale of 629 brides to china because of financial ties to beijing  the biggest case against traffickers has fallen apart with a court in faisalabad acquitting 31 chinese nationals charged in connection with trafficking,worldnews
,,, 20yearold rape survivor on her way to court was kidnapped and set on fire by the same men that raped her,worldnews
,,, north korea threatens to resume calling trump ‘dotard’,worldnews
,,, justin trudeau met with trump to explain the context of a joke he made about him with nato leaders but stopped short of apologizing,worldnews
,,, brexit one of most spectacular mistakes in eu history says tusk,worldnews
,,, netanyahus personal lawyer to be charged with moneylaundering netanyahu is the first sitting prime minister of israel to be indicted,worldnews
,,, new swarm of prochina twitter bots spreads disinformation about xinjiang,worldnews
,,, edward snowden if i came back to the us i would likely die in prison,worldnews
,,, thousands die in japan due to overuse of antibiotics research shows,worldnews
,,, france paralysed by biggest national strike in years — nationwide strike across france school and transport workers joined by police lawyers and hospital and airport staff general walkout could include millions of people workers angry at being forced to retire later or face reduced pensions,worldnews
,,, people here will start dying dire warnings as stranded refugees freeze in hellish conditions near bosniacroatia border  the conditions of the refugee camp are being decried as not for human beings as officials demanded immediate relief for those languishing there,worldnews
,,, joe biden uses clip of boris johnson ‘laughing’ at trump in 2020 election advert democratic frontrunner says world leaders see president as dangerously incompetent,worldnews
,,, house democrats move forward with articles of impeachment against president trump “the facts are uncontested the president abused his power for his own personal political benefit at the expense of our national security” pelosi said,worldnews
,,, breathing london air same as smoking 150 cigarettes a year  it says that around 11000 coronary heart disease and stroke deaths each year in the uk are caused by particulate matter air pollution,worldnews
,,, prince andrew’s bombshell email to ghislaine maxwell uncovered,worldnews
,,, its demoralising firefighters warn canberra more action needed on climate change and resourcing  australian firefighters have descended on parliament house to demand more action on climate change and resourcing saying theyre sick of being ignored,worldnews
,,, un says online antivaxxers fuelling samoa measles deaths,worldnews
,,, more than 140000 die from measles as cases surge worldwide,worldnews
,,, a hong kong kitchen turns into lab makes pills for protesters to help cut down on tear gas effects,worldnews
,,, thai cave dive hero fights back tears as he tells court ‘life sentence with no parole’ inflicted by elon musk sixtythreeyearold diver from hertfordshire chokes up as he describes pain felt in ‘what should have been one of the proudest moments of his life’,worldnews
,,, china hits back at us human rights bill recalls americas history of blood and tears of native indians,worldnews
,,, brazilian indigenous leader davi kopenawa bolsonaro is killing my people  destroying the amazon,worldnews
,,, as a 23yearold woman in india was heading to testify against a man who allegedly raped her a group of men that she says included her rapist attacked her and set her on fire its yet another horrifying incident in a country grappling with high levels of sexual violence against women,worldnews
,,, iran says us must pay 130b after court ruling against trump administration,worldnews
,,, france crippled by biggest national strike in years,worldnews
,,, atrocity of the century uighur activist urges australia to take tougher stance against china  world news,worldnews
,,, samoan antivaxxer arrested and denied bail,worldnews
,,, prince philip and prince charles reportedly told prince andrew his royal career is over,worldnews
,,, chinese fishing vessels suspected of increasingly common laser attacks on australian military,worldnews
,,, more than 600 pakistani girls sold as brides to china,worldnews
,,, photos show hundreds of thousands of people protesting in france in the biggest strikes against macron yet,worldnews
,,, mass strikes in france shut eiffel tower trigger clashes,worldnews
,,, japanese doctor made the afghan deserts green until deadly attack,worldnews
,,, pakistan backs off prosecuting chinese sex traffickers to preserve economic ties to beijing,worldnews
,,, the russian anticorruption activist navalny has claimed that the pm dmitry medvedev has appropriated a commercial jet for his wife’s private use the latest in a series of viral investigations into the use by senior officials of planes yachts and expensive mansions for their families and lovers,worldnews
,,, paris shut down more than 800000 people march against macron as strikes grip france  world news,worldnews
,,, photo of hong kong policewoman sitting on 14yearold schoolgirls head sparks outrage the police later issued a statement that minimum force was used on the unruly student  referring to the incident involving policewoman sitting on the schoolgirls head,worldnews
,,, russian secret agents have reportedly been operating out of villages in the french alps two agents alexander petrov and ruslan roshirov were accused of poisoning defected russian spy sergei skripal and his daughter yulia in the uk in 2018,worldnews
,,, chinese scientist’s claims he created hivresistant ‘crispr babies’ a ‘deliberate falsehood’ researchers say,worldnews
,,, china fires ‘great cannon’ cyberweapon at the hong kong prodemocracy movement,worldnews
,,, denouncing macrons neoliberal pension reforms hundreds of thousands of striking workers bring france to a halt  we have one of the best pension systems in the world if not the best yet the president has decided purely out of ideology to wipe it out,worldnews
,,, icc holds hearing on afghanistan war crimes including us torture  the current hearing will examine allegations that us troops and intelligence operatives tortured raped and abused afghan prisoners between 2003 and 2004,worldnews
,,, israel netanyahu cousin and associates to be charged with corruption,worldnews
,,, 4 accused in hyderabad rapemurder case killed in encounter a rape and murder incident 10 days ago that shook india has served justice by police killing all 4 in an encounter at exactly same place and time of where the incident took place,worldnews
,,, president of gainax anime studio known for evangelion arrested for allegedly taking photos of nude teen,worldnews
,,, general election tory plan for first 100 days of govt branded ‘pure fantasy’ johnson has pledged to cut taxes for hardworking familieschange the law on releasing serious offenders halfway through a prison sentence and boost funding for schools within the first 100 days of govt if he is reelected,worldnews
,,, the us sanctioned a russian hacking group called evil corp for stealing more than 100 million from banks,worldnews
,,, more than half a million hermit crabs killed by plastic waste on remote islands trapped hermit crabs emit a chemical signal when they die that attracts more hermit crabs which leads to more deaths,worldnews
,,, ambassador says china will retaliate if canada places human rights sanctions,worldnews
,,, financial institutions have chaneled 745 billion over the past three years to new coal power projects worldwide despite effort to reduce fossil fuel use to fight climate change,worldnews
,,, taiwan only open country in asia for civic freedoms ngo report,worldnews
,,, samoa measles outbreak antivaxxer arrested and denied bail,worldnews
,,, giuliani in ukraine with conservative news outlet in effort to discredit impeachment probe,worldnews
,,, indonesian man faints as he receives 100 lashes as per sharia law for having sex before marriage,worldnews
,,, 14yearold christian girl kidnapped forced to marry muslim  pakistans trafficking epidemic explodes,worldnews
,,, newborn found alive in shallow grave now thriving,worldnews
,,, three major slaughterhouses in canada are now closed following an e coli outbreak the torontobased meatpackers were also accused of cruelty to animals,worldnews
,,, former chinese rights lawyer tan yongpei arrested for inciting subversion of state power,worldnews
,,, france crippled by biggest national strike in years,worldnews
,,, french police fire tear gas at strikers challenging macron reform,worldnews
,,, iran has launched ‘malicious’ new malware that wipes windows computers warns ibm,worldnews
,,, us and uk bust one of the worst cyber banking hacks in a decade charging russians in multimillion dollar scheme,worldnews
,,, longterm damage from logging hits ability of canadas forests to regenerat,worldnews
,,, hong kong health chief says no big increase in harmful pollution despite release of 10000 tear gas rounds,worldnews
,,, what may have been the worlds tallest waterfall briefly formed on greenlands ice sheet last year draining a meltwater lake of 5 million cubic meters of water  equivalent to 2000 olympicsized swimming pools  in just five hours,worldnews
,,, uks labour accuses bbc of bias over its election coverage,worldnews
,,, france crippled by biggest strike in years,worldnews
,,, doctors treating ebola flee dr congos east amid deadly violence doctors without borders staff say a group wielding machetes and sticks attacked its health facilities on tuesday night,worldnews
,,, measles killed more than 140000 amid stagnating vaccine rates,worldnews
,,, who decries collective failure as measles kills 140000,worldnews
,,, dotard north korea revives trump taunt as hope for talks dims,worldnews
,,, across france hundreds of thousands protest pension reform a nationwide strike brought much of france to a halt as unions kicked off a massive protest against a pension overhaul by president emmanuel macron which they say will force millions of people to work longer or face curtailed benefits,worldnews
,,, genocide case against myanmar to be heard at highest un court,worldnews
,,, us cracks down on russian evil corp hackers after 100 million spree,worldnews
,,, eu investigates facebooks data collecting practices as well as googles,worldnews
,,, strike brings france to standstill as hundreds of thousands take to streets,worldnews
,,, “despicable and horrific” footage showing cattle in distress after having their horns removed without pain relief has prompted renewed calls for the use of pain relief to be made mandatory on australian cattle stations,worldnews
,,, gop senator bows to white house on armenian genocide measure bowing to pressure from the white house a republican senator blocked a resolution thursday that would recognize the mass killings of armenians by ottoman turks a century ago as genocide,worldnews
,,, gap between rich and poor grows alongside rise in uks total wealth,worldnews
,,, bolivia election rigging in favor of morales was overwhelming oas final report,worldnews
,,, uks largest gold nugget found in a scottish river,worldnews
,,, nearly two thousand kilograms of cocaine from colombia siezed by polish police,worldnews
,,, pakistan newspaper besieged by islamists calling for editor to be hanged over london bridge coverage,worldnews
,,, an exxonowned firm figured out how to curb co2 in 1991  oil company figured out that only a high carbon price—even for today—could slow emissions the world is nowhere near the price that researchers determined in 1991 would be sufficient to cause a decline in emissions,worldnews
,,, us says iran may have killed more than 1000 in recent protests,worldnews
,,, uk could drop plans to tax tech firms in rush to secure us trade deal  boris johnson’s plans for a multibillionpound tax on tech companies such as google and facebook may be dropped in the postbrexit rush to secure a trade deal with the us trade experts have suggested,worldnews
,,, a guantánamo bay detainees drawings show the brutal cia torture he endured at a secret usrun prison in thailand abu zubaydah who remains indefinitely detained drew depictions of the various ways in which he was tortured for a report published by his attorney,worldnews
,,, fires in the amazon are causing glaciers to melt faster in the andes  when fires in the amazon emit black carbon during the peak burning season august to october winds carry these clouds of smoke to andean glaciers which can sit higher than 5000 metres above sea level,worldnews
,,, palestinian girls’ high school unveils plaque honoring teen suicide bomber,worldnews
,,, in rdr2 arthurs pupils actually dilate,gaming
,,, please dont be mean to your fellow gamers,gaming
,,, poorviknight,gaming
,,, comic deep down you know youre just an errand boy in a world full of quest givers,gaming
,,, blessedcar,gaming
,,, my last system was a ps2 i figured it was time,gaming
,,, remember when epic games was known for gears of war and not fortnite,gaming
,,, halo reach aged like fine wine,gaming
,,, a pro gamer move right here,gaming
,,, rule n1 its never your fault,gaming
,,, okay i finished all 3 finally,gaming
,,, they look so pretty,gaming
,,, ah shit here we go again,gaming
,,, 5 star uber driver,gaming
,,, everybody reminiscing over halo and im here like,gaming
,,, we didnt have any console at home so some of my best childhood memories was getting my ass beat by my father in mario kart on a full stomach and sticky fingers,gaming
,,, direct intervention is necessary,gaming
,,, ea announces new star wars battlefront 2 celebration edition with all cosmetic items since launch as well as a new rise of skywalker major update which includes a new map new reinforcements and new heroes bb8 and bb9e celebration edition will be 3999usd for new players or 2499 for existing,gaming
,,, saw this in local tech store,gaming
,,, jedi the titanfallen order,gaming
,,, some local guy is selling his nes game collection and i’ve never seen a game collection stacked quite like this,gaming
,,, different colors of the original playstation,gaming
,,, me with fallout 4,gaming
,,, if you open the pokémon double pack from the bottom you get a little surprise,gaming
,,, gamestop thought this was an acceptable disc to give me,gaming
,,, rate my setup,gaming
,,, the hitboxes in this game are phenomenal totally next level stuff,gaming
,,, i want to do my part,gaming
,,, accurate,gaming
,,, hmm interesting crafting material,gaming
,,, t,gaming
,,, the original minecraft,gaming
,,, almost everyone is here,gaming
,,, after failing countless times to grasp the 3day system as a kid id have to say 100ing majoras mask now as an adult may have been my most enjoyable and fulfilling gaming achievement to date,gaming
,,, evolution of doctor ivo robotnik,gaming
,,, finally saved up enough to get it boys,gaming
,,, years before epic released fortnite they gave us this beast,gaming
,,, looks like joker  the rest of the phantom thieves are at it again,gaming
,,, how it’s been lately,gaming
,,, christmas morning is the best,gaming
,,, this isn’t even my final form,gaming
,,, a supercomputer made out of ps3s,gaming
,,, the best strategy game i ever played thought i never did get to play the sequel,gaming
,,, i embroidered the gamecube logo onto my nike backpack a year ago,gaming
,,, fallen order has amazing hitboxes and collisions,gaming
,,, when your teacher is a top bloke,gaming
,,, just got this and am excited as fck,gaming
,,, in this game you enter bullet time when in danger,gaming
,,, this shit has been sitting in a folder on my laptop for god knows how long and i don’t know why,gaming
,,, who remembers this game,gaming
,,, reach inspired fanart by me,gaming
,,, i found my original receipt from 1999 i loved my game boy color,gaming
,,, after 15 years of tony hawks pro skater i finally got all 5 tapes in one run on downhill jam,gaming
,,, bought a new car today as a lifelong gamer i have achieved the ultimate form,gaming
,,, remember the soulja boy™ xgamestation pro  well these were the dev kits,gaming
,,, its my birthday today so i decided to treat myself,gaming
,,, boy oh boy im gonna get downvoted for this lmao,gaming
,,, what happens when you give people what they want,gaming
,,, when you realize theres a greater goal halfway through the game,gaming
,,, we did it boys console rivalry is no more,gaming
,,, you aint seen nothing yet,gaming
,,, to all my fallout fans have a great day brought to you by vaulttech,gaming
,,, had settled over to xbox after my first playstation ca 20 years ago so it’s good to be back,gaming
,,, when nintendo announces new snes games for switch online but dont include donkey kong countryagain why do you hate us nintendo,gaming
,,, we tried to fit a forklift into an elevator,gaming
,,, pikachu d luffy,gaming
,,, im something of a gamer myself,gaming
,,, sweats profusely,gaming
,,, my university has so many pokestops,gaming
,,, im moving to australia soon condensing my discs down into a wallet never thrown a games case away before feels so strange,gaming
,,, is that some kind of suicide squid ,gaming
,,, ahhh the nostalgia,gaming
,,, just bought these and noticed they have the exact same pose,gaming
,,, my engineering teacher set up a smash tournament,gaming
,,, primis meultimis me,gaming
,,, playing the spiderman game that came in a box of cereal,gaming
,,, i think black friday was good to me don’t ya think,gaming
,,, it took me half a day and 12 allen keys to make this i give you the chipboard ikea aventador lp7004,gaming
,,, what the fuck happened obsidian,gaming
,,, map from sam  max hit the road ,gaming
,,, i started learning the basics of coding 4 years ago with an ambition to create videogames today my first ever game just launched on nintendo switch,gaming
,,, how to kill 30 of the enemy team in battlefield 4,gaming
,,, congressman pleads guilty to using campaign funds to buy steam games,gaming
,,, cactuar is the reason nergi leaves the wastes,gaming
,,, unsc space program,gaming
,,, playing reach for the first time  played all the halo’s to death but never got round to playing this for some reason,gaming
,,, we have advanced so far in graphics halo custom edition vs halo reach mcc,gaming
,,, got this poster from 2007 at gamestop,gaming
,,, try to change my mind,gaming
,,, who remembers the joyboard,gaming
,,, bbut you dont need a console,gaming
,,, my fenris dragon age 2 cosplay,gaming
,,, one of the best racing games from the ps1 days rc revenge seems to be a forgotten gem these days me and my friends made some amazing tracks in their track editor roller coasters galore,gaming
,,, how i look like after waiting five years just to find a match in halo reach mcc,gaming
,,, after defeating ganon link found another ancient rune only what he found on it left him speachless,gaming
,,, and i wouldve gotten away with it if it werent for you meddling gamers,gaming
,,, my husband found a dabbing dead feral ghoul and said “that’s a reddit”,gaming
,,, repost my area is under emergency threat due to a bushfire and has been evacuated im staying at my grandparents house this is my setup i didnt have time to save my pc more info in the comments,gaming
,,, 10 years later and it was finally found at the parents house,gaming
,,, early christmas present for myself,gaming
,,, baby yodas first word probably came after his second word,ShowerThoughts
,,, for dogs santa must be like the final boss of mailmen,ShowerThoughts
,,, your life is a pay to win rpg and your stats are randomly generated,ShowerThoughts
,,, if you are a pornstar nsfw is not a thing,ShowerThoughts
,,, it’s possible that more people of a certain height find you attractive because they see you from your best angle,ShowerThoughts
,,, chainsaw companies not using horror movies as advertisement is a missed opportunity,ShowerThoughts
,,, if any of the shows in “the bachelor” franchise really wanted to have ‘the most exciting season ever’ they’d cast only bisexuals,ShowerThoughts
,,, you have never seen advertisements for microwaves,ShowerThoughts
,,, don’t attend anyone’s funeral because they won’t be attending yours,ShowerThoughts
,,, most of showerthoughts are actually shitty facts,ShowerThoughts
,,, you probably had a synchronized fap with a random person from start to end,ShowerThoughts
,,, you know you’re getting old when your childhood favorite actors start playing the grandparent role in a movie,ShowerThoughts
,,, when youre looking someone directly in the eyes youre actually just focussing on one eye,ShowerThoughts
,,, the average guy has seen more dicks than the average girl,ShowerThoughts
,,, children who sang alouette will feel traumatised when they realise they were singing about literally pulling a bird apart,ShowerThoughts
,,, its convenient that super villains dont become a problem until after a superhero gets their powers,ShowerThoughts
,,, we eat sea insects but not land insects we eat land mammals but not sea mammals,ShowerThoughts
,,, to us и is a backwards n but to russians n is a backwards и,ShowerThoughts
,,, amazon delivery people who cleverly hide packages to prevent porchpirate theft do not get enough credit,ShowerThoughts
,,, snakes can uniquely fulfil the role of both fleshlights and dildos,ShowerThoughts
,,, you know your spelling sucks when autocorrect doesnt autocorrect,ShowerThoughts
,,, jim carrey would have been a better successor to robin williams genie than will smith,ShowerThoughts
,,, songs are usually good until you use them as an alarm,ShowerThoughts
,,, noone has bad handwriting some people just write in fonts that we havent learned how to read,ShowerThoughts
,,, some of our pets have the most elaborate internet lives that they don’t even know about they spend their whole existence inside our homes millions of people know who they are but they only know you,ShowerThoughts
,,, if youre one in a million in india there would still be 1300 of you,ShowerThoughts
,,, if you live till your 30th birthday you have spent a month of your life celebrating your birthday,ShowerThoughts
,,, if a lightsaber gets stabbed into sand it might make glass due to the heat,ShowerThoughts
,,, 16 years in age is considered young but it was a long time ago in normal years,ShowerThoughts
,,, if air becomes a valuable resource in the future packets of chips will be really valuable,ShowerThoughts
,,, no matter how bored you are with your partner somebody else wishes they were in a relationship with them,ShowerThoughts
,,, think about it all of your baby teeth are still out there,ShowerThoughts
,,, the bob ross show was one of the earliest examples of asmr,ShowerThoughts
,,, smashmouth used not being the sharpest tool in the shed as an insult yet some of the most useful tools in the shed are not sharp like a hammer a wrench or some pliers,ShowerThoughts
,,, the fact that people don’t walk up escalators shows how we prefer laziness over efficiency,ShowerThoughts
,,, if it takes more muscles to frown then smile why does ones face hurt after laughing for 20 minutes but one can scowl all day and nothing happens besides looking angry,ShowerThoughts
,,, dogs that went jogging with its owner probably understand the struggle of following a npc who is faster than walking but slower than running,ShowerThoughts
,,, delivering pizza is technically a business trip,ShowerThoughts
,,, the shoe was definitely planted by cinderella theres no way a perfectly fitting shoe could have just fallen off,ShowerThoughts
,,, bad comedians being heckled and the heckler having funnier roasts than the comedian is the live version of the real jokes are in the comments,ShowerThoughts
,,, according to newtons law of gravitation fgm1xm2d2 all girls are attracted to you even if it might be by a minuscule ammount,ShowerThoughts
,,, mirrors might actually be portals we can step through but our reflection on the other side keeps getting in the way,ShowerThoughts
,,, youre probably supposed to die every day from a dozen of reasons but it is prevented only because of poor timing,ShowerThoughts
,,, when you see a rainbow your rainbow is different from the rainbow from a person beside you eveyone has their own private rainbow which is why you can never see a side view of a rainbow,ShowerThoughts
,,, if dick dastardly just raced instead of stopping to set traps every five minutes he would have won everyone of the wacky races,ShowerThoughts
,,, dolphins are so smart yet we keep them in glass tanks and make them dance,ShowerThoughts
,,, fireplace is a very lazy word for that,ShowerThoughts
,,, college is when you realize you aren’t a main character you’re a npc,ShowerThoughts
,,, maybe the fact that people write horrible songs about the grinch is part of the reason he’s such an asshole in the first place,ShowerThoughts
,,, everyone you meet knows something you dont,ShowerThoughts
,,, humans are the only animal that creates problems for themselves on purpose ex mathematics,ShowerThoughts
,,, clockwise is clockwise because of sundials,ShowerThoughts
,,, in the simpsons krusty is a major celebrity but he always wanders casually in public,ShowerThoughts
,,, 2019 will seem much more “real” to people in 2419 than 1619 does to us because there will be video recordings etc,ShowerThoughts
,,, you will never again be as far away from your death as you are now yet you have never been so close to it,ShowerThoughts
,,, we havent had a star warsless decade since the 60s,ShowerThoughts
,,, perhaps one of the reasons many young soldiers feel invincible is because almost all war stories are told from the perspective of survivors,ShowerThoughts
,,, the more you work out the easier it is to work out the easier it is to work out the more you work out,ShowerThoughts
,,, it’s only a matter of time before people think automatic and manual refers to cars with and without autopilot,ShowerThoughts
,,, no one ever thinks about it but music is one of the most beloved and greatest inventions ever,ShowerThoughts
,,, when goku goes super saiyan his pubes probably change color too,ShowerThoughts
,,, the smartest person in history probably spent hisher life working in a field,ShowerThoughts
,,, somewhere in the world a person has the world record of the most times they have jerked off,ShowerThoughts
,,, aladdin was catfishing jasmine to her face,ShowerThoughts
,,, there was a point in time when movies began playing hip hop music instead of rock for party scenes,ShowerThoughts
,,, lying is fine as long as its down,ShowerThoughts
,,, theres a slight chance that in your last masturbation you killed a spermatozoid which couldve been a genius whod save the humanity or a dictator whod kill the humanity,ShowerThoughts
,,, we spend our lives working to pay for a house we barely stay in a car we mainly use for work and bills to sustain us until the next working day,ShowerThoughts
,,, wanting better parents makes you a better parent,ShowerThoughts
,,, there are probably a lot of people who now regret their game of thrones tattoos,ShowerThoughts
,,, according to science your brain makes yourself sound better when youre singing but only to you so basically our brain has its own auto tune system,ShowerThoughts
,,, if it was raining on the day jfk was assassinated he wouldnt of been assassinated,ShowerThoughts
,,, we started this decade and ended this decade with halo reach,ShowerThoughts
,,, when you’re a kid spongebob is the main character of the show when you’re older squidward becomes the main character of the show,ShowerThoughts
,,, if there was a pill to cure procrastination most of us would probably take it tomorrow,ShowerThoughts
,,, if we could view our own health bars the way we see our characters’ in an rpg we would all be a lot healthier,ShowerThoughts
,,, actual smart people are humble about their intelligence because they’re used to things they understand being explained to people who need a little help grasping the concept,ShowerThoughts
,,, the concept of a horse with a horn on the forehead sounds way more coherent than a gigantic mammal with a nose so long that its used as a hand and two hornshaped teeth coming from under it,ShowerThoughts
,,, if you commit murder and get the death penalty you’re basically getting a taste of your own medicine,ShowerThoughts
,,, people shouldnt get angry when theyre stuck in traffic they are the traffic,ShowerThoughts
,,, the better technology gets the less believable it is that santas elves are making all this stuff from a workshop,ShowerThoughts
,,, the moment you find out about santa claus is the moment either you realize just how awesome your parents are or you stop believing a word they say and think they’ve lied to you your whole life,ShowerThoughts
,,, the phrase no hard feelings can be used instead of no homo,ShowerThoughts
,,, taking into consideration decomposition and fertilization plants have actually eaten far more humans than animals have eaten humans,ShowerThoughts
,,, people complain about how much air is in chip bags but they would complain a whole lot more if they bought a bag of smashed chips,ShowerThoughts
,,, in your entire life there will most likely be an integer between 11000000 that you will never see read or ever think about,ShowerThoughts
,,, through the internet this generation has seen more people naked than any other in history,ShowerThoughts
,,, its considered acceptable to swap saliva via kissing but if you spit into someones mouth its disgusting,ShowerThoughts
,,, if space is limitless you could be staring into infinity whenever you look at the night sky,ShowerThoughts
,,, spotify must release the years most played songs weeks before new year so replaying them doesnt cause them to become next years most played songs,ShowerThoughts
,,, saying you hope someone dies is bad and all but saying you hope they live forever is way worse if someone lived forever they would have to watch all their friends die witness the apocalypse and float around in space all alone for eternity,ShowerThoughts
,,, the word nail is a body part tool and action,ShowerThoughts
,,, a dream is a movie your mind makes to keep you entertained while sleeping,ShowerThoughts
,,, since you experience time only from your own perspective it could be possible that time is not moving at the same speed for different people,ShowerThoughts
,,, it’s cheaper to purchase a larger tv and display a painting than it is to buy an actual painting,ShowerThoughts
,,, if smoking is going to be a thing for long enough people might eventally evolve into being resistant to its damage,ShowerThoughts
,,, it seems like your life moved extremely fast until you got to the point you’re at now,ShowerThoughts
,,, cousins is the only family member term that does not have both a feminine and masculine form,ShowerThoughts
,,, everyone has a different technique for wiping their butt but after the age of 12 no one is taught it and no one discusses it thereafter,ShowerThoughts
,,, the chance of a man falling from the sky and stabbing you is slim but not 0,ShowerThoughts
